Positive,Negative
0.0,0.0
0.04132982,-0.014665420000000002
0.06532778,-0.05466202000000001
0.0933254,-0.07732676000000001
0.11998980000000001,-0.09599184000000001
0.14932064,-0.11465692
0.18398436,-0.133322
0.21331519999999998,-0.15598673999999998
0.24397926000000003,-0.17598504
0.27464332,-0.19731656000000003
