Positive,Negative
0.0,0.0
8.272,-2.935
13.075,-10.94
18.679,-15.476
24.015,-19.212
29.886,-22.947
36.823,-26.683
42.693,-31.219
48.831,-35.221000000000004
54.967999999999996,-39.491
